tempo,instrument_loudness_db,vocal_pitch_hz,genre
80.37115802837923,69.99940870256648,244.25038022883518,jazz
80.34232939215318,59.187578612681165,186.39999668324876,classical
111.43748725606585,79.55777332844332,343.45215077298406,rock
120.45929681435425,101.05731181227,314.6367180292923,rock
96.23019139422429,71.7233698725688,355.5730585040735,pop
129.70933468539025,66.1377667084083,211.77869987244776,classical
115.80967218040648,70.47077730955458,355.6020650721458,pop
135.0791363564707,77.60312372994204,485.56573471639666,pop
144.03431443037815,86.28077598584605,367.34209167773525,rock
112.83700186313601,72.8739191661935,211.52680335627295,classical
73.5311445497587,59.57600242610549,156.51723800284853,jazz
93.05824573102959,76.81645118940052,459.3292743867206,pop
111.40443626907748,89.83619577102365,472.79933366975763,rock
108.99858815945962,79.59773853213905,430.28712584937335,pop
107.31706146777998,64.46836177053225,269.75640420645004,jazz
107.48429346208289,78.72421636903746,431.5049463405631,pop
121.5977053400073,89.774191632753,342.71367135702445,rock
114.49356408734279,74.44652055798569,486.7724004506762,pop
122.11395586134185,67.75513355948989,169.22702054511845,classical
116.49832752896191,59.77001961721382,155.1638711778021,classical
144.5902987997317,80.31717801577179,167.7147194388978,classical
124.98664984812748,91.05319241721763,362.238423653951,rock
82.84618783587648,64.13306778006758,181.3467157451995,classical
119.46804577428136,65.81793180759044,100.23910825382022,classical
89.09759471421268,74.88138117266644,478.4703218516235,pop
135.75858910364389,80.84697028029096,372.6620080570282,pop
92.47404886266837,70.65455912057263,150.0574191156189,jazz
122.95302418771576,58.82043877773174,232.65972920354406,classical
75.48762000393293,72.80980248694283,208.16720075208752,classical
95.83241404833124,65.55092678289607,274.1673601254262,jazz
106.7937796378222,73.8472285925915,477.9404941405651,pop
122.60346847644026,84.42431922537567,370.5590890261786,rock
108.19186123375471,63.50267232910469,173.17285772368012,classical
135.88287698878415,80.83132366937,352.7488896353113,rock
116.80497214058164,70.38270297748338,209.49597243554126,classical
102.95898323737104,62.74463812301347,285.2387447000562,jazz
98.14928287220776,75.34632612311869,320.94573735126244,classical
142.71029841262296,87.38873827243835,251.10665681718896,rock
91.09878684333873,80.65668823334279,260.8165995613019,jazz
92.42270697802196,69.11446181596683,236.6510357402338,jazz
115.42029117190415,75.43482885800552,164.62704660215059,classical
106.59606880363461,66.71365348494149,135.19363327985292,jazz
77.92962061151692,58.62554892850139,252.1841560899806,jazz
126.33584390338093,91.36317027927593,262.0768014055065,rock
139.25314979460495,91.11756021669032,289.40506254448314,rock
72.2469630363588,64.33741605168478,180.27837753445942,jazz
90.95128259844392,68.71010170996634,219.6422427049921,jazz
127.44981346979526,91.45650085494533,313.3164647353996,rock
105.36559530750391,84.66069086691579,483.5461742405499,pop
110.60972714648487,74.84290731970441,418.30532014639124,pop
120.319637524404,86.59742048373158,353.73538489440193,rock
113.63044258778402,78.20458184926406,445.26142668767835,pop
82.34650688705173,65.99026357235813,242.0419425404095,jazz
137.17745091510574,91.13918370531934,274.24484753561694,rock
92.75540739192539,65.49132797650246,236.69971523096106,jazz
96.14485279149292,88.8683185715306,358.5285395893807,rock
105.07199255268651,75.7469718329448,446.6855133213471,pop
93.15472379817723,62.4745796535201,246.19194632728903,jazz
89.73927576585767,66.53794560459318,284.6558032906227,jazz
110.31495604898824,59.07720560152173,191.84003142442486,classical
135.68346118657763,88.95731418671137,381.74232362092766,rock
102.59296203811647,86.42198491246114,253.57399223235507,classical
93.60081201364414,98.6460424672501,345.8522587902054,rock
95.3539362486067,62.40524813274787,248.6234026415756,jazz
82.21101774142282,58.78380491663251,233.92548540704695,jazz
100.38127845007455,70.23150887915077,240.59835749902106,jazz
111.5718040009096,81.7172363362364,330.199004636238,pop
123.44291063248747,69.29155551466567,238.0688079528231,jazz
110.27625430599828,70.99814450158871,359.98221039098075,pop
93.55589682483871,57.62391654770464,248.2070100715364,jazz
96.66674581348832,74.47001397000523,257.58433675669664,jazz
109.50870335715679,65.90179266280468,155.64027905126142,classical
120.48691573412188,73.60979635742619,242.66898648780668,classical
119.56499912769985,68.84389796605649,116.50826164124928,classical
99.80113579247038,78.83408817772775,129.60120358871563,classical
123.36041754476797,101.41504241281677,318.41737783447985,rock
108.6487329933224,62.35517792996493,235.19160376296023,jazz
110.91921359164041,75.3560364286103,445.59238051557367,pop
103.01242934533357,84.09900538214764,463.28089967093626,pop
146.84320620221115,100.54926345096663,262.38308684075685,rock
125.25163817588391,80.95639280559763,391.98824703087064,pop
85.33463372904706,69.4673931725603,177.32834030342548,classical
84.3539113966171,70.73060022403527,146.31373515652842,jazz
86.81829968980813,88.26276334922731,327.1282823060528,rock
120.35918179132752,75.16828585362497,468.02286567085974,pop
132.80164718280224,90.34790693691767,347.12312331809835,rock
120.97853566601937,71.88484751067132,247.51138478520755,classical
71.28856041878782,75.47192168914893,151.04631375575076,classical
127.71122364460625,92.89175481243709,389.52098645694235,rock
127.84859066760063,89.08323408963271,302.67867366024797,rock
113.71192854563714,83.0651970236281,427.09925836862146,pop
125.15072141923008,62.28396165116786,188.4681924152908,classical
93.48703360030889,76.93035861394831,125.64762212860644,classical
107.79537969248389,75.81789624846249,505.15234052912615,pop
108.61454416027127,87.07263949828369,310.5343156837697,pop
74.75841561701293,60.85288582479851,122.99376665435702,classical
111.83026249175722,79.69410758019433,404.0988001672687,pop
92.34638813692453,84.07133401763602,413.40455546448277,pop
94.28167128081029,66.51811689958448,185.07320433609695,jazz
127.32537566417872,94.71741155851456,331.3177949459858,rock
87.00343732586622,58.021714622334855,321.0199318779592,jazz
113.39373326434774,72.59658373217368,445.73699370618203,pop
97.31326312049026,70.93383736269226,200.15111800381317,jazz
116.71867618403648,80.78354307290739,438.2962212298069,pop
106.63780727584478,75.6460598996967,403.0099716055807,pop
108.74889361128216,77.54507254247223,474.39998359119346,pop
110.31395065163247,74.90112118715673,360.08495173847894,pop
90.8391634233409,67.35199018266226,179.9215746633294,jazz
116.46154039777397,75.3661691740034,180.57647349327115,classical
110.20274847488781,74.21040122402312,445.3844281215242,pop
118.89017164306883,90.78724877680011,384.52153652781686,rock
129.63034469283582,97.90785805581767,416.30679021461356,rock
77.29031081102971,77.91100458225173,137.0540039380159,classical
130.66938055660478,70.4548074191058,92.60626007899289,classical
77.93140591711847,63.24815288536128,348.87702965191227,jazz
105.4490170943424,73.91114412598665,405.4000228016982,pop
112.07693320689008,72.81438036015349,424.39270763510456,pop
134.9461579174965,85.62552888706654,317.3587479978331,rock
94.2330911188633,63.016447261464045,278.27055709689625,jazz
125.64220843738559,86.85167443195714,294.13379058943724,rock
98.30967854552082,62.8977348143646,255.42489940341108,jazz
94.24322530831665,62.89784193501131,202.73140288132674,jazz
118.09029172100948,97.71619883223633,383.744381939449,rock
124.7109658774367,82.44588284627764,294.4504197637571,rock
120.91275453147787,87.9211798974566,338.5728555263487,rock
110.39355304371774,77.36526405981233,463.5104583389745,pop
98.54694527634062,72.27283690026891,359.5561965999385,pop
120.64003323906606,74.93176231069857,450.07905109308336,pop
144.0603869295074,70.4049157323062,148.10874560544067,classical
110.46705319004009,86.08933872343194,272.91964940546103,rock
90.05308169639966,74.6080571351823,388.10257748940865,pop
121.045471642187,85.13198800013339,324.3107913319266,rock
110.69650121332245,91.13437822226516,248.50124241943257,rock
104.11432267964173,80.9945137982385,205.542160019975,classical
118.3276545569111,78.39760850917362,498.12267276758155,pop
102.66326195073069,65.83860901148131,199.02302951703797,classical
76.40539537720618,67.5145628409801,176.41849546202243,jazz
137.855892196203,91.429019376002,323.9448660026419,rock
86.72123280352203,58.79033699687135,139.59550564904436,jazz
120.18339554815608,92.8204096179752,475.6732821063516,pop
110.24578408564135,85.34060778234543,454.5823692577285,pop
101.82663790760608,63.18680427372601,239.2168639520809,jazz
64.86327500896991,74.61241956125637,174.5885268470286,classical
103.68703192967445,82.56189511381311,436.79458724771627,pop
80.01317352712654,53.651514675575626,225.61448929365798,jazz
147.99375366625404,97.89047413414936,347.0119544675246,rock
120.90821324843901,89.42693995942274,359.8749666458726,rock
106.43030981807813,79.0533997652551,455.7393205931804,pop
115.34625896721415,57.36411402460326,241.1412234354358,jazz
87.52800159156253,83.13499344633091,176.99354804678794,classical
111.8196691610005,79.08737852360161,179.6178571619256,classical
118.0978850233748,65.86768212962188,218.75068136318026,classical
88.36582906515436,67.53791298300379,231.1415115529548,jazz
95.64009823666845,67.78407694720735,218.39984384507997,classical
145.0147473930908,89.48956903632768,246.26969417580716,rock
89.10503905499661,79.78629775925496,214.0372193991638,classical
136.77100881694327,71.33884607971214,191.26699722797744,classical
120.55235145658399,86.51892317698608,450.764562140237,rock
130.97819697069957,89.95063168916695,309.72822510690816,rock
115.87569104350519,83.25666848238099,413.6668059083309,pop
116.10724423450948,88.89825429205503,378.78630530372095,rock
103.27989856494847,80.30969937802726,450.59190625704866,pop
155.59916795679578,93.5868147499333,324.787881402115,rock
114.24000922151502,56.12244222584283,237.05729847895392,classical
82.73754673913777,66.6901443372597,263.0106357644836,classical
114.219450691525,72.89629165732468,477.5584374415843,pop
145.2019021825149,89.0704994176094,428.02335743892985,rock
123.85831029512227,72.01309938682309,92.43082794596762,classical
110.66853278165506,84.43936867932503,427.69826970405376,pop
91.00458887469826,65.86386406493328,174.00104595591216,jazz
88.38700523925641,62.3577452094969,176.61706755052677,jazz
132.5067983477435,91.24769885067835,286.1018015753775,rock
107.01544002045934,82.23539126571497,391.3350408041082,pop
123.84454655752693,86.5088238102042,271.57703871197367,rock
125.65943533390083,82.37371195340216,365.0255344473644,pop
175.98145688963547,90.4893402118952,315.155392461771,rock
104.16846458526311,76.98118117438882,507.64653392902886,pop
101.31660807279212,86.29727113712043,519.3514124038113,pop
116.45899330971612,84.01904460605012,458.42236324263274,pop
80.13525912292582,65.68476559595875,271.3071594583679,jazz
108.42487861612685,61.19583924691885,157.22836094736695,classical
124.53015268733844,97.73193636037546,320.4855475940234,rock
117.94566728136175,81.0534610849159,458.78227643067487,pop
133.56842243097637,90.98425167321322,317.16992550900875,rock
81.74970388692968,68.03874159079143,184.00430285385227,classical
106.70986564753764,74.2944801588328,166.2002265831609,classical
85.06360114645088,70.68202570382552,199.5478922618897,jazz
129.82030760735068,71.83648677967824,194.89319203547484,classical
112.09313978117405,80.14588311036292,420.04197309779533,pop
112.63438599987734,86.87488284563071,422.8341488231063,pop
95.47429893589296,67.34788686830117,266.4495590601446,jazz
130.78867487447621,71.73200726795683,155.1808596047332,classical
120.22564031641905,93.98530943753765,412.8138603724065,rock
119.59852667632623,89.55310948892014,334.96320689042176,rock
92.51789578737154,66.6416111051264,138.37068390123733,classical
106.82638505946318,75.70853470721936,175.20743034220516,classical
108.1730984022548,74.65224871499947,103.88773976841412,classical
85.50659960755323,67.21497944356734,217.18010078626267,jazz
105.630465643899,80.12080745972418,531.2519994789797,pop
116.80452472601466,74.02667423461692,183.98599366016683,classical
111.55280237312581,80.56409019178585,444.73728434034126,pop
84.76353413009565,67.5052190869808,245.68110448480238,jazz
102.27041317229215,66.912813567253,177.4498232930065,classical
117.41067175002651,86.2418560157391,357.59135776226776,rock
121.95371114173437,105.98265363649604,392.5446141852913,rock
96.15083123330089,66.62964022721816,190.70960237186804,classical
96.69585682711569,87.69797085833807,493.07890226357347,pop
116.85418804734613,79.03129801485886,111.57913113314888,classical
101.65964714451142,81.72331187600008,377.681834670337,pop
110.09843313779459,86.19814548404702,167.61632130475294,classical
111.24513120155775,65.84509245091948,181.52761109597353,classical
105.71262954839447,82.09498722860279,451.9416097666898,pop
88.99886427761436,71.49994879981803,265.69246593251563,jazz
85.35611351990116,66.28566907895429,225.81017213894498,jazz
122.60652878069362,79.63048477547335,167.76358334270853,classical
78.45276739492839,62.60448860359147,174.18078599023954,classical
108.1079909709249,79.08862999551971,436.98552990906745,pop
99.59102999429503,82.27403386015118,456.4637262783191,pop
123.00522738772713,83.85172750940326,346.13184900116687,rock
147.00787148667325,94.49070879982517,319.18018341178276,rock
86.09579091723518,73.76564906982881,365.2631254834938,pop
88.33702040533058,67.89829820323718,276.53042059864686,jazz
135.1772127141848,89.60298421166455,303.8443903035587,rock
128.51733200526462,85.96071825090357,405.38649691350736,rock
109.83351414852136,75.01999817570572,535.0826996756552,pop
105.74704803641717,90.17808663150386,268.3556602287337,rock
137.11154561247102,62.966655590961395,133.91705837942953,classical
97.9953289353232,79.70065716560698,373.1484482100026,pop
132.58152882571582,88.56985078795695,343.11886755551023,rock
118.39222428121862,82.747763965919,394.7750966506415,pop
79.79394499436894,67.74179818545537,190.48817123915364,jazz
131.04473045510014,83.37496673003534,331.6160439980333,rock
109.72152017936263,55.03481321742697,214.2084199350722,classical
116.6869396315472,72.97146735304747,212.69382742548345,classical
85.71058376655601,62.18774018474019,231.7237391500483,jazz
117.35050485093292,84.01101512454335,464.2996309474396,pop
142.01439812555174,86.85971741316145,395.86875007635956,rock
96.96443517607258,70.48870499834844,234.44390886769287,jazz
87.58079541007727,59.0270450408406,266.6099597651765,jazz
152.39258112479163,90.15452174045116,249.57313493460657,rock
87.56051507205086,60.25615062481205,185.56779602793335,jazz
108.99448794386772,89.1929489431863,276.8824298225876,rock
147.4825106793764,85.01567550402491,354.35860393101564,rock
98.71491264481249,81.59152907524569,175.7858043294171,classical
113.84760696624045,90.68240563540924,412.426684538309,pop
96.06194883772886,65.8938508845887,144.56715957896935,jazz
114.54396362319605,93.05352075690348,338.07523231412046,rock
82.87061341968861,65.06852890903617,244.13000759195472,jazz
127.41261207662882,98.90284563623406,266.1592644594949,rock
123.89723669844605,97.16968937266894,395.7487017368567,rock
134.57782092866734,98.61282852106012,368.00482027433463,rock
136.5781246323121,67.79751870086054,226.60348788361273,classical
82.65395921035079,75.52111796574506,192.603431578411,classical
92.8254622105455,61.06427231414655,206.43501123554023,jazz
123.41292873647777,68.00617315556647,281.88474307383484,classical
111.74356920341856,91.59753431613406,278.2021796602637,rock
98.29280296928202,70.5683936777983,230.93663862168052,classical
115.43320805700743,84.49270334769307,338.82982124553143,rock
122.06380381639794,91.96768074634558,349.84389445351064,rock
108.60630600052781,73.63587367620674,491.36343706000633,pop
112.72298467139959,84.18191560868419,394.7687381866381,pop
107.24932926431369,95.91749911108708,340.9801822459087,rock
104.55041037900413,86.68404980640888,464.8235009904883,pop
97.18044612500105,76.87222649636291,252.67815430506548,jazz
98.39338599326145,64.08466118947355,223.64230516503557,jazz
90.79442929024184,57.91382414441739,180.61968890969138,classical
105.27901514108991,66.88400359665214,159.41877488952463,classical
97.48459284952764,74.96152379904485,241.685500024544,classical
101.1530489429778,69.8057902506498,141.22188958687974,classical
86.964493234684,67.81185837226907,165.16834500250675,jazz
98.37297368003564,87.53032307289395,338.3115356801958,rock
123.51205758922926,89.09608551674532,385.2004366971747,rock
132.56536964969123,95.83596535766425,394.363849544605,rock
76.77805131381224,69.89921864344475,162.33135209513577,classical
108.8689914158178,75.5155966366254,487.838431554014,pop
130.49013597469178,98.23670018451587,411.0448558568967,rock
104.04591242578428,77.55513530417387,426.7900054282904,pop
128.3376074757365,87.34907961818668,364.66372404404575,rock
121.33729006375522,74.1708535538577,436.0884455187651,pop
91.91575421931257,66.38095354428992,240.12473224105167,jazz
86.41236610886364,81.98965175475311,198.00722454909334,classical
90.34711194076532,71.73080582171833,212.09864483551038,jazz
128.5038342277139,86.89880420668129,399.20621111202917,rock
141.64782711903712,67.08238185450071,167.65345807272496,classical
80.09800315617062,69.94833343634915,253.31447510432037,jazz
99.14219854903627,70.77577208489613,177.80660691248022,classical
97.69206312703328,65.89726321507638,196.06885968206677,jazz
99.76318968911889,58.98585929337379,148.95015255469497,jazz
108.24051303404978,72.3763612101885,228.67785145382692,classical
136.35417779464666,87.04956542092397,366.4106611350972,rock
78.84735692408913,60.84626257107196,242.6819619126665,jazz
95.22937371047817,69.11046840105628,136.24325264373715,classical
96.8187715825294,59.047770130835595,224.5413479969008,jazz
112.07399076443158,81.75348579932559,483.47852003966824,pop
85.27458903303301,64.08370312446837,165.9694511749442,classical
104.83809063310719,76.61213730260118,499.92567394541527,pop
69.80026718633064,54.76360035768743,177.944774250752,jazz
81.44814110357947,63.67012917835286,149.5103810141426,jazz
125.65899278999666,72.92235826097499,459.74584877654684,pop
134.52314649957665,89.64716265574202,366.1441004700929,rock
114.2475343055313,83.34955337737493,174.16152151309439,classical
90.49469496668667,59.915325539078594,155.91363544103606,jazz
111.82728346796587,67.63750346410808,425.49239058278204,pop
156.77837264116582,72.55032698225857,162.22962427257104,classical
112.84276756396876,90.57230198956748,480.618518821534,pop
94.54388788265364,68.35679480745301,430.87353718888664,pop
123.53525744179439,84.62579003279133,374.14577441348945,rock
125.84536107673932,86.3201178294365,409.3448049612222,rock
112.05076178301869,77.54419213258149,481.327672159418,pop
94.70508644855803,78.83884866429295,461.0004160312517,pop
77.19119860666157,65.46522191807006,242.0979605349155,jazz
111.8384433741263,67.38565914335977,219.9488101335993,jazz
90.3249689784979,64.80722757754523,209.4402635716279,classical
93.03730860169406,87.5429998623373,510.79560872125734,pop
123.28184710158229,89.34969710151083,344.9114800690659,rock
87.15181785200177,72.48582322000682,208.40497445815268,classical
78.29508892182291,63.670205626162854,207.7881129645943,jazz
84.88163791134868,67.63481591362746,192.26924958748214,jazz
119.12642133095818,79.71349762694855,404.1186345754635,pop
107.33098080403333,73.49456939385004,201.22236364580039,classical
101.08611592462735,74.8939385375454,454.66681191423424,pop
149.10759806241688,70.55223150366156,197.2300953790991,classical
120.81006459661877,93.26532034015844,355.8340464492558,rock
108.91690023593495,78.5400037195253,180.6257685202859,classical
106.20687718542888,79.10929451591336,462.08217131964176,pop
115.12760501395032,98.36051392385329,353.8072475453302,rock
100.17881955716432,82.76818960562608,470.9324179008561,pop
159.9609524203512,86.59918999121085,386.43045350793255,rock
86.390757459563,59.773272597188324,179.9699448332519,jazz
72.03268939919013,79.41105853997848,203.27192616862507,classical
84.7946254081061,67.6383789393569,174.07929786406922,jazz
89.42396683057795,69.53618112278937,252.91120733590208,jazz
105.63859432382202,88.01427964805161,332.37525795503785,rock
148.3207705924146,95.52436905619464,418.3593588571454,rock
91.2499268018831,64.1012626066967,208.87444987255128,jazz
82.56370575019169,55.93744046976394,214.27138105716574,jazz
115.96639220513252,60.172064504599334,185.0141095564746,classical
112.31009981939243,55.47327452125427,253.84067190201338,jazz
89.71819859987295,61.45211727802934,161.04162867431904,jazz
76.12631849073136,87.89232676692271,213.3331680673463,classical
137.4041145112543,95.01526430306741,355.82291876034344,rock
119.15667789457841,85.95437173892006,400.012104268117,pop
105.48085945113961,81.98523365508636,438.4940204192861,pop
91.33483555902467,69.19340063725377,190.32391863529776,jazz
85.37234778583797,73.43461327804339,128.8001032694556,classical
99.24592612137329,72.19934677410242,205.79478482487684,classical
131.31089240789018,70.03311733544058,496.94059820617,pop
110.31717002783485,76.15952486034158,206.39047027486404,classical
103.15570688396167,72.1125161205423,297.3701758805893,jazz
68.67747371328981,66.43026831717151,158.69762147384495,classical
100.1870562668522,83.1615470079979,394.30712486084246,pop
109.38938170799435,76.1688421729025,457.37106910500415,pop
97.10754916978237,60.951520503250016,210.65547821047338,jazz
97.72767052611626,63.59056216535401,247.81934866573266,jazz
95.3054357901607,67.17349952016512,206.96796626685094,jazz
87.04748702860165,67.20971407383371,235.89876395226517,jazz
142.5500643113213,92.70432682502182,292.25679177612363,rock
96.98777461527462,79.0641708728929,486.80201289900174,pop
105.1260583422231,76.4933872915355,416.84007867459195,pop
102.44400430908718,69.99761371913797,313.05272919754077,pop
100.2223974039178,59.16915146498018,202.77652825868938,jazz
104.20659243134193,82.45442602953933,508.9577256553055,pop
91.92944323140527,71.11976119730507,133.5442075082554,classical
90.54409667511425,69.41063180004707,253.51610388908955,jazz
124.41853832700187,84.12563461961686,427.24750898392483,pop
80.62510957288315,71.0080725623163,222.76555982482844,jazz
105.256576537601,80.06767140094918,458.567799796926,pop
112.26082955495639,65.04925151783598,179.40070740822972,classical
111.52717029328329,82.90956430432134,473.74760212097846,pop
93.25394742668583,78.71559846371169,505.48919472805187,pop
95.46683096802101,78.71815083679053,243.01809960002615,classical
149.7215460216568,83.80973785272255,344.4042573991273,rock
126.97611462458667,77.06028108040515,460.1571323583171,pop
109.34915709767758,74.0367125380371,380.80375818644734,pop
103.33600324649356,73.92718096847423,256.7849361683465,jazz
82.68438072942757,70.9691804917721,233.77007514318385,jazz
92.77361209418706,65.72845601296665,267.1553845169922,jazz
92.48815679956083,64.32118956685525,235.0542319991694,jazz
119.87178449773239,84.87486397148805,310.2348885956028,rock
85.09276580354665,62.31232988531854,243.1950469278555,classical
91.10786763548815,70.06151209091365,216.81690661822122,jazz
92.3531471658151,64.86551980379124,120.64155455268711,classical
95.35020066534638,73.72904011357885,206.81558779104643,jazz
125.50852610100476,99.12874079532763,337.302227471462,rock
138.71375650501136,92.92233368645977,304.46508667238066,rock
114.1408923633044,80.27870974037228,502.03334149222405,pop
106.34758581004066,74.56981534814463,506.42202734856164,pop
91.21264309689788,58.253834590753385,243.4734565036734,jazz
92.97228354109211,78.65416976723232,441.2943581155705,pop
123.0786833967871,88.28365124249879,398.25207375376937,rock
134.03731256809624,81.42521977828014,441.4810263039111,rock
103.7233221547726,80.25251830275627,469.7171953408379,pop
116.71828358874765,67.16663782823099,116.69452444646555,classical
85.25457378056815,68.73254508730963,223.00136141773817,jazz
71.89440315262921,82.5984453150039,164.70113273031734,classical
99.68959170308054,79.39972284105963,465.7294388873478,pop
144.76168190383942,94.535574532058,304.9303029195322,rock
89.60699055112997,67.82298002910888,218.89401200794575,jazz
83.3412095768728,68.38859670997991,158.34517283721988,jazz
121.47560976166585,92.7521638481923,449.60446899249814,rock
123.03472486870379,86.81842412132774,477.91405692570555,pop
124.71732942762425,81.65492174243118,381.61840527471435,rock
130.7532769461053,95.16767050650093,349.93616405961575,rock
121.6806358911002,85.68868200599348,389.1431587973349,pop
80.75560789338498,59.858159301577956,275.15974999931416,jazz
110.25875259264433,80.44158842071785,519.9124848323348,pop
84.478590600108,70.04441428020462,188.76903805632722,jazz
122.15743777642884,97.26422753882972,418.0292579493466,rock
95.70250216316698,65.67127152897105,284.85275600060993,jazz
111.24357372299845,77.19337166608466,343.3326943988652,pop
110.4748462560089,68.86794596627803,146.27365954601652,classical
118.96812316240658,88.3669380162141,283.5493932694326,rock
92.63770294915331,70.41114550142966,211.21587889581772,jazz
100.54188666664454,81.14367028877163,414.6727966849393,pop
106.99787740468251,79.62861080187815,141.28626834274698,classical
100.95955109485267,58.332357397749334,179.5684018912969,jazz
99.54482980104638,66.68344436060156,174.04192619211906,classical
122.9687839965289,78.4891677082924,397.20852273606613,pop
114.8987772611841,74.13002588317364,449.3898554191625,pop
86.6471530062202,77.07442813686919,154.08186371353293,classical
85.26606162726648,59.960598542299984,251.715799364886,jazz
137.4145087763498,84.23782341755692,328.0324886684876,rock
127.03925576958889,58.992647667124544,236.5898169974294,classical
72.20382397717037,68.38019048122047,193.4425979177554,classical
112.00973417747574,93.04149891482771,315.5466584365474,rock
76.40544635377557,55.75919208307256,307.2103740869991,jazz
80.84201036078457,65.8829271672069,198.95646107090099,jazz
85.94974656377676,64.10425051219904,199.1240516040627,jazz
49.72449750598849,69.73882780186888,142.85027805007397,classical
111.37283030638818,82.43487558986496,399.4801693233273,rock
114.48251062204973,76.27609849005033,506.7200816823322,pop
82.94944532650094,67.17855877710882,221.72210463467917,jazz
106.32361790419398,71.87121276072463,229.57644267976298,jazz
87.15526226051429,65.66238531190459,241.6441626797807,jazz
77.71430636031819,62.767869293526545,161.65808170920292,classical
97.33643829103245,63.93211248143624,260.7469413294244,jazz
56.85200420484365,73.88891669015067,141.62350565344207,classical
112.59777077832803,64.85837558110184,175.08972348754838,classical
101.99616685620346,62.224709878938725,290.55317992488983,jazz
140.34584538850538,101.58404968315222,302.3232014846088,rock
90.99191037955254,69.42353945568429,185.80464192687077,classical
104.86057412852452,75.96326113491006,518.9320505853652,pop
127.36938914143052,75.41218474311421,451.28152864344736,pop
89.19020114485306,60.71860072725885,273.98241407254733,jazz
124.46396077800584,83.19600304780336,395.344367237034,pop
97.9828581928715,85.95866247957561,400.3701047416737,rock
135.81539364311402,88.32712278256771,303.88425476798034,rock
107.22359540718267,75.87372112473491,474.5281410766226,pop
115.72656855099501,78.91437529463472,496.65308014835045,pop
87.61346293569825,69.98299133902577,164.91757929376732,jazz
116.4259408277215,73.75437208873589,456.75591742227664,pop
71.87867696166427,68.34009713789462,242.8937043457281,jazz
82.1317007950866,55.31432683988547,229.92315401841688,classical
78.794471986922,68.16839530066234,204.10710420011824,jazz
86.74507058692284,61.8047472417046,240.74116519387505,jazz
98.55074981292094,62.48820505025651,261.3846965058621,jazz
95.32579273498693,64.85445574136298,192.9119173211324,jazz
124.22977355628517,80.6874652895287,499.2414449468348,pop
115.58122735712256,87.81709163766905,324.70898676133265,rock
122.25393948358587,78.31244788393613,200.6735591593412,classical
97.60368688926354,76.06145591081935,438.33831978354215,pop
118.2039723486913,76.18514858865866,475.54560784155586,pop
86.14841402070078,68.93989538164908,162.75978873371048,classical
90.7621009082174,70.21560746596332,180.17635668057255,jazz
85.74872404273745,67.48753784751507,119.17744400064646,classical
78.30689686157268,57.509498406209474,194.13775795645185,jazz
145.1710531662975,91.04927053284422,359.8988664507936,rock
108.7939544476087,76.24549324210952,209.43042031722194,classical
121.78870907086474,65.64634076937634,179.00819907953093,classical
85.6759047520362,64.58345640333377,251.85341227716464,jazz
116.22812055485721,80.00278053773218,342.2732761540903,rock
137.8352007014106,92.9479403017201,338.4759085392918,rock
73.49534092246793,65.64782304693664,225.98578730241059,jazz
98.0240982360467,81.55049219457975,525.1402975925155,pop
122.15119856651165,97.29771499467527,303.27323927245544,rock
140.61258727668695,95.58575826505017,343.99914042095645,rock
107.5003509376265,65.21834248817699,445.5630633241065,pop
144.8401043032599,91.1346704786315,340.6711800213063,rock
144.7584032551509,94.39793197409016,308.8788575558341,rock
118.05956295974553,77.671537470229,463.23176932743525,pop
146.43738911525506,85.17722784578757,306.86211581763126,rock
82.9374148019584,65.5142771500687,231.98193005747962,jazz
109.894398241744,59.22779586558438,244.99118329451574,jazz
89.33044762016821,69.70900138854559,117.61291732122035,classical
99.52782364553686,73.57721839172736,348.3497558476629,pop
145.30097819614323,90.23359408158395,394.5720903636362,rock
133.92628256065575,87.3203486622896,362.20817768949746,rock
115.35445526832267,92.5842193983733,152.7012234749397,classical
97.1476160722151,74.22216914684702,220.86472606083507,classical
108.32095347080114,86.15121915044907,415.73527338202405,rock
93.09000314235841,68.89564217391214,237.53502098491774,classical
110.78700596698621,67.69048351575104,197.97416184970393,classical
117.80829567132947,77.37135054638017,453.65482121359673,pop
136.52919005434558,79.01616052405137,534.6313640145272,pop
90.94426164137529,69.56091658260029,171.49439041082877,classical
99.3287367142415,70.98927806974714,159.74916025849313,classical
91.04942115135127,66.84506051325035,195.82431631267633,jazz
74.07016506893349,67.6384882804365,128.263071477631,classical
104.27291729378842,84.56599773846939,462.6545765297949,pop
99.22938385762671,69.64110902965297,150.84484111380812,jazz
110.86593493054464,79.63869871292673,417.6897921440783,pop
131.33614800554142,74.93306122991378,145.0769188623612,classical
104.90938108627861,74.06556725580849,130.81170536856987,classical
108.82809132269,92.35561552166753,378.0842097521867,rock
96.49716817154285,53.05663164722266,171.6769394173168,classical
104.76847434996516,66.90187200417483,190.563831854481,classical
130.93947707537225,93.45646787368005,326.64337691448594,rock
97.52881743754351,63.97571481434222,182.8667329797989,classical
83.08469622403558,64.17807630939697,250.1343915228766,jazz
110.10115510560496,65.67957731153803,167.74278422272886,jazz
85.41948038003146,66.4667457565833,205.15166171467817,jazz
98.98770040933938,71.1217895172523,226.4178403410091,classical
132.49991283778397,91.96267190139255,344.77455927168506,rock
89.60444507660802,86.27010986046903,297.3361240867398,rock
85.11829408148888,55.35823274921462,228.08553502594793,jazz
129.04327260323177,89.11887918245804,349.55689550429616,rock
121.65062743124913,85.18468893799502,403.5553772649344,rock
117.19019451978637,72.4467644005761,481.4189888360913,pop
93.50003072518781,72.14962318363253,378.60336944125197,pop
109.60859494035559,71.8130962498869,414.6770279027596,pop
98.4592166048835,59.3504384722159,225.87368793996413,jazz
114.86371501324778,79.19919275885748,223.2288219271181,classical
130.4825388010452,92.51420699226188,313.3848298515967,rock
108.87123171704266,80.05848506934628,431.7436172697283,pop
136.00199923131095,92.15861741487056,397.4344877068539,rock
146.845103450959,90.57931251470411,324.01391079129803,rock
136.85892216214253,91.80170582154778,266.0657824828237,rock
122.1908082311417,70.56731586114832,146.0779549270549,classical
114.31827837318299,87.98125622090386,265.9124625891967,rock
75.51765819994152,65.01646371620359,166.0946577468984,classical
99.64664334737076,90.15347348639949,179.92208952646132,classical
128.27613761385888,87.0263120139498,362.9563231655281,rock
84.40034941250951,72.8557989093983,266.3879703517887,jazz
110.84229320582087,93.11504921861427,349.71009735779353,rock
86.50267180525849,67.85536687213218,200.00134678718612,jazz
98.1564413533197,65.72896065502093,285.5841947630904,jazz
71.06573263092334,51.1446452340456,174.73982481830095,classical
96.51171636292445,63.18554949443007,109.66151694413736,classical
71.56846497369037,58.340524844715986,137.6990892728435,classical
116.60512298127429,91.8912601644979,260.49544969252025,rock
117.84797517228948,82.51849585015816,356.16017737754504,rock
94.41244501906382,81.98043935778807,431.9065623679346,pop
127.6264699019751,78.56088534007684,409.4643705648189,pop
105.34015220083195,81.07004924863602,350.3815868447346,pop
137.44264480902214,92.62775208635708,332.6401956580709,rock
120.19831620749721,74.93056700871307,493.8038513262518,pop
89.78895647038605,57.995345278384676,276.7510018357313,jazz
79.57878173601249,60.09559053903821,274.1459149686346,jazz
85.01981259813222,60.6949842568218,167.1893221092149,classical
108.34712624586044,78.97531618137322,555.8047948207618,pop
111.64896170960716,90.81074479734757,393.0141243207481,pop
86.70467215063877,59.000149727580045,177.86924084654757,jazz
68.59903069915062,67.48077099828608,205.82740650791078,classical
84.37379756766663,81.85238441033914,120.57560998973678,classical
104.64366111376843,87.16820836141646,506.92098846549254,pop
157.21055149888807,82.98494202328858,375.64744501358996,rock
142.87145346725694,88.02051311200366,362.30487094826117,rock
101.4120786194509,85.53885743049712,450.36474783334137,pop
80.87901536395336,59.47280395718822,205.29559968458315,jazz
117.66489170565042,74.67192989234485,405.04785188467525,pop
83.60091463290148,69.63466455806135,176.91733490937776,classical
112.10242061035233,78.52359047960991,483.5121447294987,pop
112.09678878305178,78.61118707165043,377.122054556435,pop
103.54834278848419,81.18896738436999,464.9082256704064,pop
81.31050711614428,66.83089667923585,175.49369262281007,classical
101.22665971328952,72.59960561308856,484.0410343464169,pop
152.97980952714562,100.259431905019,364.11091602003535,rock
102.0697133880023,81.29878363888045,538.9267159919408,pop
96.3625520178142,81.42337921799398,393.80537637406445,pop
92.94203706195881,77.53665521926361,135.57646964536082,classical
122.68977608397626,81.24160505662704,441.21132852082087,pop
141.2822712701386,77.08192576578065,351.14501525511463,rock
102.32545697429643,63.154850507678226,303.2219071094784,jazz
122.98999628463305,89.70023285587577,344.0915694715917,rock
104.99591746646489,90.99848571713942,380.3224705412961,rock
85.426109949172,61.55948872612402,192.93492064017462,jazz
95.06407426608719,81.12076147284746,473.74193424101816,pop
98.5852742176779,92.30591263113259,413.164879777111,rock
130.2365537899949,96.08926954592582,244.93322438093605,rock
114.02481612403692,86.28121828671365,418.1115239586972,pop
96.54844088538412,67.66442517020378,127.39855340208632,classical
100.59173126626108,60.67953781400674,261.5302711025644,jazz
128.65933174297666,94.83153951133637,311.28528044828994,rock
115.14728719687467,71.97326641016502,208.05330389199554,classical
113.72135758153759,87.1965490585705,378.794802065649,pop
91.69876998628604,61.147123018933655,205.68371132433757,classical
99.0577217351137,74.42915105254816,508.9844001425994,pop
146.1142026488207,78.85828538295914,172.8841996473139,classical
159.8628601216579,93.09303883151217,401.16640611774426,rock
94.63137141853953,63.1121954488427,228.15246438395366,jazz
111.58721750884732,63.886392810777096,194.06024380841023,classical
82.41064408382971,64.09695445603472,138.75447879001135,classical
95.98118697494978,65.51581053161183,205.80644890313476,jazz
163.97877183144226,55.30370472326058,201.2503636174137,classical
121.97928226214523,79.76143101380403,412.3744379909568,rock
95.76203599452275,56.835031164177884,180.89297062114332,jazz
103.53236610044195,79.77281108600631,396.25167727045937,pop
119.56442005265693,78.73041998055479,384.35012706838296,pop
99.83886678271348,77.73478975695961,486.79046638780886,pop
120.26028121425848,83.90314828532874,390.41652564937436,rock
111.15469786169825,81.77348321007257,405.320678464727,pop
138.78385293597535,80.19351899568346,303.8891134944169,rock
91.07416795950635,65.32757161252536,238.00217628227446,jazz
102.67974641328843,81.27586261798436,396.7300007994822,pop
92.7745746737306,71.3432190419718,153.63683422989354,classical
85.75389805344665,83.05501077137046,484.8016690371133,pop
120.50918792593048,74.16941576587033,480.81734373516804,pop
99.93550386099173,63.37940887524051,296.6721523962564,jazz
96.9946143823654,90.92843121372977,445.6480667822868,pop
109.56923716394273,63.360096945071824,153.02399382510146,jazz
76.29979131847627,60.91981748272535,210.97844292344828,classical
106.4266653634734,93.56906427782863,275.8507458141728,rock
116.72131956321535,77.98998933906408,413.1374747905184,pop
121.43388451491056,72.63661245752886,380.8829669419474,pop
93.84142245656145,67.0172361529347,250.23822379503838,jazz
120.62601478377528,82.03163120371987,433.95426417980656,pop
108.65879849560666,85.20400759311508,494.0707968123847,pop
89.09583278656997,75.72452934532436,225.9714197775699,jazz
121.45422669487982,80.77539257640073,443.802553082926,pop
114.22248043952457,78.2456825810391,441.1551383318943,pop
70.81798459972947,73.83509099937034,213.5761669883573,classical
84.26076664196364,71.87483507127419,227.13530728186285,jazz
114.5322419664533,91.95724361329411,299.7982466776856,rock
84.66511470991938,76.8209987555159,176.02952287007807,classical
82.72343270427407,72.37062712416812,186.39320020497294,classical
109.41003178610475,93.7923694352623,425.63662528031875,pop
127.62696006349998,80.37027656296814,221.01057360554404,classical
71.26219544009545,56.90851406234854,260.1828497061174,jazz
105.49876449019608,65.46551775298163,138.427398551092,classical
121.25780985966118,86.93270480563068,457.979271383322,pop
94.75809077006552,63.85418706305861,159.84061249341016,jazz
141.95384359871426,75.7756074222403,285.9303952493641,classical
99.21485052352327,74.33602941642587,125.55468517530235,classical
111.17775400226454,83.78848897656775,451.8512344196006,pop
105.51128348462639,75.24318860020412,398.26471781151565,pop
165.6754402429746,84.77286164630016,364.30154501678754,rock
127.2063765255688,83.84814165867668,414.4350081345378,rock
75.76221281851102,70.98676159120949,150.12575508811705,classical
109.87579294575154,81.62794167390956,432.34356060049237,pop
101.27812361952833,65.93104058445762,198.9849182997918,classical
140.37582567087404,96.68303306545482,335.6092583986346,rock
110.65866523694564,83.71815170277245,484.5757553090265,pop
116.59144517311532,92.75933000122869,376.4903863576658,rock
87.32760419058832,57.975949473577955,152.94336332278894,classical
101.96212100348622,59.980987910323755,123.51511505541487,classical
137.34274339443493,92.50455957408124,340.40531524436807,rock
89.20301128666674,64.9943816452232,229.32325394542673,jazz
134.36335764195212,99.58064395458197,250.6661988432777,rock
90.98906745921543,66.72906889620174,260.52624184512774,jazz
68.98812811128751,66.63628154682618,214.61410126706969,classical
94.55968198463046,66.24716676798717,201.49636771634619,classical
112.30551552100384,82.03206269528776,480.72545237347,pop
94.77468371250075,71.45478026967811,268.1102316362918,jazz
73.89178996992415,68.171331400888,267.40087415973886,jazz
134.23073138468138,73.72116644446113,431.9933932154288,pop
152.8677318122085,92.80615545655118,356.61152866453017,rock
142.37248212870907,82.26529639617144,344.4748184964263,rock
66.19843763220558,85.96519966080776,140.35646614575165,classical
99.26170385309213,80.38878705842984,395.2129432153297,pop
114.88152923023479,83.57971824700284,276.59904040678265,rock
103.3547127723562,75.56697137143709,482.97252998810654,pop
121.17005808453696,87.65747466446169,398.37062904824893,pop
100.45919508858027,84.3361935469454,471.26293854723775,pop
92.98223486425776,66.1742135332419,251.13540214108886,jazz
126.43425899505012,92.3048206852379,439.5365511236042,rock
87.46230609476655,64.63713795743806,221.83133368949777,jazz
152.47494794372486,82.46403018773913,380.5275152277602,rock
100.43849308306866,68.79162352566313,181.21746784749826,jazz
151.00623097626678,90.7491991978834,402.12686950930566,rock
117.82128800988865,77.10077750761667,307.64157326384884,rock
102.30925935933844,65.04375125096632,183.50656820641035,classical
106.94223936693353,82.12433005689883,411.25796458063127,pop
114.55150626301842,93.79787383740789,359.63119394417345,rock
103.82088941041994,70.47370863639482,272.3619307211308,jazz
103.34486845645051,73.98444423477676,224.78246179497174,jazz
96.60825572294553,55.869032532133566,204.07675046121705,jazz
142.63851232411898,91.59703970944973,405.55935598690337,rock
104.03479087065426,69.72989524704519,186.11505356865416,classical
133.20643455526616,92.45423208193225,274.9669446806938,rock
139.71533182508233,83.35272746093341,346.53269808967127,rock
113.7558050537751,71.70187510546893,260.38421810878543,jazz
149.59639880260465,82.42265033564532,184.11745154647608,classical
126.80089565302012,71.55815162278442,154.57010802438924,classical
122.11234874330684,79.01679736073612,422.84930869760444,pop
141.51185641678694,83.40229788504396,378.28577470306936,rock
115.70677990063193,85.28499038124612,406.8792378890348,pop
89.24177002820167,62.32799690656394,224.70383704603506,jazz
79.6635649171252,59.54609141561854,233.3348265594763,classical
99.5126840713633,61.37073384736545,271.1166450273732,jazz
95.11884753500794,75.59942365784991,161.8451224320126,classical
73.30562118161431,58.68580197931199,268.8533404602514,classical
110.07936399794549,83.98445902440626,499.9616747918027,pop
117.21405043939177,86.08708819292625,406.43261097863024,rock
78.93911551865094,67.29737014576486,256.18506396997196,jazz
109.85402230006771,67.76954718957639,226.0278991058134,classical
128.28544721603674,95.83741739056711,402.74898311486237,rock
117.84363412095462,72.26698376519326,414.2663280453892,pop
150.4091436455207,96.13009463305623,189.6657883193182,rock
103.66383876648901,56.29193026653334,197.4668329374636,jazz
89.83926263026692,72.59183829491363,221.37297095447258,jazz
92.9567441763946,61.39483020193643,223.95634622345,jazz
82.64454353955813,70.56025021895687,142.76434135000153,jazz
84.72445567522439,63.467086682487945,252.3800522189324,jazz
109.74449602935181,80.51482364711559,425.3851166877369,pop
155.53263658575474,92.69107338312985,292.3947490662483,rock
83.05085135333925,68.07719146179612,171.44959148806313,classical
102.77853608611895,69.4475144072018,504.8784058414067,pop
105.75924819945502,80.64974439654215,444.5605175093603,pop
93.98907751929586,85.9556599791111,502.8394829142768,pop
79.09523953809642,61.36074958597848,183.69398728336373,jazz
103.71508904798448,65.38716168056555,138.98102947093173,classical
140.6713180525179,77.8469784757456,161.60319044027491,classical
99.23017736216886,75.43785004728578,452.06451206153383,pop
92.72591703798912,85.13838326684719,424.7959484941592,pop
128.25089054183863,91.86711129555188,320.08783409893783,rock
130.93306027080348,81.80828092252224,411.9427016138211,rock
121.04978766105047,90.57567973790252,353.61773421700497,rock
103.8805703792554,86.87819556724446,493.61247802964226,pop
100.26815520448024,97.1014452511987,374.57320730544996,rock
108.101267604154,64.28514657177215,210.45278013815624,classical
97.24551638180189,66.12296539688295,167.13783970961688,jazz
131.6968334449136,90.28897313512158,337.47561631506613,rock
120.93783735624241,71.71122715038237,530.0894810762833,pop
144.44207822362176,90.72316506738645,307.8062356433777,rock
122.82740863393626,72.55229630981577,190.90605949342955,classical
109.05989980000135,72.35184713304433,246.19910673089333,classical
86.22877255452345,65.53307851622313,201.56825414884514,jazz
119.57569519781444,99.08970793865134,444.6491932690112,rock
122.54266506065484,80.53728902837165,487.74963991171694,pop
99.634102245325,68.22522033606943,282.45334734744466,jazz
117.71516130967537,70.31065095152827,185.15181166035455,classical
127.14591468577933,63.04898345194831,199.310310454098,classical
103.70269389139938,72.67096629080834,243.1788937202194,jazz
130.9504767014828,90.38627272087949,359.4756580234168,rock
103.80790865385364,72.8849618713822,459.7648195192153,pop
120.2537335033293,90.62852556178449,330.19435206084137,rock
98.58110203217711,64.9681455659188,201.32523886398104,jazz
124.93516260958938,91.75767836446543,373.2239852371185,rock
98.22250423734742,56.029329806012385,259.45545639523436,jazz
94.68034571353807,67.97036983151612,291.7990593487093,jazz
113.05508817200493,86.64668196052048,475.91917236024165,pop
65.1055276753784,62.995797958567586,133.27732162284116,jazz
66.91743876186294,62.807762584123076,184.97097189903528,classical
114.66269970233164,65.93302952794201,308.3808246167373,classical
75.6129219637792,71.98005055788786,138.15738798271283,classical
132.0922856052479,87.49008887871275,391.8338318388705,rock
133.3997124442323,96.87964458407102,399.430767344638,rock
99.62639959236215,67.19252110801636,224.01109032162546,classical
126.0037436720733,92.14037868853832,373.29557736694915,rock
103.78541526042017,91.03369736250649,386.70019344894126,pop
87.07053913969789,76.5374485374711,150.8960575847919,classical
88.17471589558038,68.60987792108898,259.907519687835,jazz
132.67122887575778,66.36022533069664,207.23469337265328,classical
89.95175658881647,84.49151703134991,170.70357008522942,classical
135.35466840525643,90.70760295501285,412.28731084476533,rock
121.0962805930059,91.69624645772402,420.4988489301286,rock
110.53777192691979,79.38783095494092,455.76214888953433,pop
103.48124780732161,69.03586078840321,153.42040002243567,classical
117.62706137656147,86.30906394237994,311.1000966785279,rock
125.62732284287966,77.1624544816819,416.3750681309628,pop
155.31940723744097,84.5352804276381,312.87416636339253,rock
77.69371491613296,64.88457994058119,246.6318591349681,jazz
92.95874108428023,66.18378995206936,191.14217485423578,jazz
91.22386597252851,56.92068958384617,86.59731050103963,jazz
117.79045763770281,65.56826630789809,133.96489541346503,classical
114.56027550314235,86.21433717997336,363.24634895556096,rock
134.8917403025769,79.17753592178994,346.9712909015062,rock
92.40963845408008,63.455382816625715,214.97230630065962,classical
146.866012171728,88.29195471692435,315.05267301344685,rock
109.34332419794394,71.73738404229525,173.48178751184196,classical
110.19436847973986,84.66106197853874,517.0787954132198,pop
112.47059292524905,66.6103545187526,164.38609820349507,classical
94.75377053305006,84.21483842705715,383.17774874667407,pop
128.36781460776177,92.2510151390399,342.9246247606282,rock
91.5281347540064,68.72665407158304,273.43893558471666,jazz
79.31084176355733,69.35643536038606,234.01765932978122,jazz
73.19758105373904,67.78070466022402,209.27223784042542,classical
164.1654116225265,95.32896217119176,408.65575624343523,rock
95.48119851973168,63.178938070783744,173.5220028848879,jazz
104.03930252483728,82.42727288735736,398.3662749242446,pop
109.42689468961768,75.21930228761366,502.02636423861253,pop
86.9272140278912,62.01377517472108,224.68383909409064,jazz
78.7664581927729,61.59960505537352,234.3173782749782,jazz
136.40463823940294,93.76625357858968,422.8441546155385,rock
102.38099825677686,62.05345987274068,173.19061814669354,classical
87.30224272970369,64.47874360117191,221.4363213700177,jazz
83.48214544745748,64.85335487308772,205.91029686179183,jazz
139.9619600236651,73.4968313781262,121.59458224367187,classical
128.88815931173372,92.18246840289126,358.94463040785627,rock
131.97086254279154,61.4468346468437,176.83563532171164,classical
78.86714683996557,65.74551249400945,201.64094318791854,jazz
98.50402751001192,72.89303447309632,108.23631155913236,classical
129.74833803385013,80.86749810552998,226.6033507594953,classical
85.4253120377834,57.573074671814766,221.39717175941288,jazz
84.0461803133611,75.81822730707245,195.53500028067324,classical
106.06775026690026,73.75402362260918,179.61278170435665,classical
108.97222100521672,88.43376121635886,273.95891525803404,rock
111.2957129461531,77.40970298064083,172.7775979374537,classical
65.97834169056102,55.36904239555517,187.7085799038656,jazz
90.0443374156283,86.15543420937492,240.9965760236965,classical
109.16028243635326,89.43333673355454,364.13841066657255,rock
111.01353147175747,51.93340159588728,132.9451795260698,classical
116.17267289528563,62.68241256721504,167.31902322431478,classical
108.56002914559022,81.67403348545001,400.4930465235063,pop
136.87903690300536,82.93931222571831,223.2628233389624,classical
115.24128426231032,82.83788553139567,345.71523218927666,rock
103.09430354385384,91.33871882387805,451.0099395841045,pop
117.8666535985271,76.73083860312308,427.7456224952171,pop
133.05248276490425,78.10388435276445,165.70213097295192,classical
83.95353958777119,73.56088601336235,227.26468495014694,classical
120.8705114640223,69.93931824606786,219.4536748775435,classical
87.78736220627177,76.44481638379774,214.90965700781317,classical
124.65903168515112,72.02116599329408,161.33964061894812,classical
115.61931652851226,82.92757063523652,470.48461226160356,pop
132.10080794690725,93.38848572195943,349.7703409892724,rock
117.10571088928103,85.15228531731331,453.3087781253384,pop
114.40199448066012,62.44489240950285,168.71905858810467,classical
93.6903578487169,66.94364788300172,172.07736634726513,jazz
121.20503084544767,80.68267979429183,478.8496343133142,pop
155.42467910323737,91.48221991844001,423.70855079913446,rock
84.39819114043229,63.825365327187164,205.55261437904898,jazz
69.56244121095895,53.409001309361585,169.95343037180675,classical
118.21140465767964,87.1877292089812,512.0141333581881,pop
106.46004227164022,87.065320461212,439.59872919735255,pop
88.02413991050487,63.60934613090236,269.3688033269913,jazz
85.02896570568774,75.85375704718984,148.59949395920066,jazz
105.38532888868782,75.26599310298658,375.0783198068356,pop
74.71588000273326,73.03797894550796,153.96736577215424,classical
125.50897759891461,75.61856027313854,433.98067515259015,pop
82.34255058199292,62.012518285116634,227.9968667692399,jazz
125.87077093047672,80.6007420538976,331.66818030882433,rock
125.05192728024616,100.71324035640573,332.56397070929575,rock
130.31892891898815,86.69518688731351,397.67927316872374,rock
100.24017666021771,60.92088932540308,310.38397739894424,jazz
95.16351014409013,60.66045746835523,183.77225562009744,jazz
145.15117857644066,91.73345024020782,358.95330654710125,rock
146.08605440937228,76.38691794162786,290.5851098493991,rock
133.99933404329855,91.80927043488575,273.5935318661767,rock
100.58550307568282,65.9288973126874,200.0538957116938,jazz
72.88833166318366,64.62227857991236,212.34015005768237,classical
107.8723795446182,94.9804707274602,405.09199995777556,rock
104.49905416404124,77.3649241185427,481.9634801047789,pop
105.50927374444197,75.64298794902594,509.34307523814647,pop
114.08562275492515,91.13626363821267,333.8708476447234,rock
114.05461869156224,78.20505888733085,385.05826468308084,pop
133.48294041165977,62.88893985931186,127.30432063217172,classical
142.28577039578744,90.08443375811062,344.41382015699156,rock
113.92784509115343,81.13204471367663,542.3367500992298,pop
144.82650349219898,72.47016361667357,236.00437384463623,classical
105.93485038511372,75.88101696460974,188.39267622632966,classical
123.26092821611624,96.6188364677226,330.86398226505605,rock
125.46865963704084,91.52596655840951,275.8166588783017,rock
81.84110645288902,66.58385702565886,293.40802461510987,jazz
105.54122629669416,61.87948174099095,201.35467461516924,jazz
111.93309684487645,87.56442710536545,483.8271860455393,pop
99.97915032531773,67.67774857852903,199.54734216341285,classical
113.82317578556123,65.68752028611318,151.13583554054424,classical
134.6083756851125,84.74055860923626,331.40551775099084,rock
160.42365036162255,97.86387432453732,306.72529932394787,rock
94.56423511420165,67.9925501780286,203.3760140184214,jazz
128.71405859026356,63.485550892911824,225.81046262991657,classical
91.12377427332882,64.78799209714404,201.63940064199997,jazz
132.4202591166177,89.72783137043865,344.77688548569125,rock
99.9455456903359,69.21751082736134,147.9499540910682,classical
120.85734667987904,88.5177892249973,383.47981340784054,rock
100.93583662768489,70.30334706027577,150.38480986530539,jazz
116.39161974989254,91.09896452319752,282.0341289610835,rock
135.42787815692148,61.096037576697,176.99657522867673,classical
93.90132845404517,73.44644304933895,536.0103821098689,pop
87.39032360679018,63.376131954020416,184.222556118917,jazz
118.48623547779405,78.74204905051546,536.9314204367963,pop
72.08521007996532,59.56793075154534,225.5402911500997,jazz
125.16444643107944,79.71186913949127,437.23083399900486,pop
91.98230451153809,64.95392322607616,210.19283169911398,jazz
113.74748967220441,77.07925151782739,342.50687453940526,pop
87.51355454336598,66.5777007068977,167.62381847306708,classical
121.9412451036311,96.61114415460636,408.0511440879811,rock
79.58690352574425,60.59089241295913,249.1238768761346,jazz
74.46388481227625,75.61036897024388,163.8064051322798,classical
94.42847299137881,60.49333107991565,163.7748123078073,jazz
124.48405363166036,97.4549980687718,398.88636557789164,rock
81.81309868232285,69.20641477334783,226.82601338041562,jazz
115.08392454966862,103.97178524189529,307.41826802663286,rock
134.7416854554311,70.25172924858495,459.2735985355979,pop
68.0976276866904,62.385003160570804,184.34057159375578,jazz
133.0932193911389,65.62226246140739,232.53876337786238,classical
104.86038212541379,74.87397575151458,468.75151061191974,pop
85.97209294539068,59.82278280301421,206.0972642903307,jazz
128.13079164834954,91.37547598009493,258.9938564799993,rock
97.50820282691656,72.03088588691342,96.070735125924,classical
90.73983517828326,77.61089119658581,214.2795633004551,classical
142.551626857466,90.63557619957245,278.54573912823935,rock
126.5559037523515,93.0992478882375,346.32772378285216,rock
149.00863178531367,60.384906773989776,144.04761111961463,classical
117.41630818770723,74.94016584645404,449.9960648372354,pop
107.9544793719328,62.51120930304559,217.5026204456542,jazz
97.29259470211346,59.22730358776303,289.0819535491846,jazz
89.26957833852404,61.83747928964436,283.4721067839765,jazz
87.96802085776687,67.732970888725,224.29854896307188,jazz
121.92290302155061,85.22754330578817,138.32008864287462,classical
107.37604855887295,88.16896788843029,374.0077247151474,pop
131.34822761220056,87.41760909086432,395.40832852938945,rock
130.76601015632806,77.00431952980989,221.44849275377683,classical
88.15709444916011,60.9093081562427,125.02017665905272,classical
78.38354508576771,61.96956506433965,230.97789687260234,jazz
94.97626848726534,78.99060941810572,491.7570857354544,pop
81.72519134561809,66.4404789250209,228.5641447211658,jazz
101.22370072930931,71.49097657033319,226.70121659172992,classical
109.44110909608732,94.57832611285922,258.0367805211924,rock
87.70357594426396,64.11168542510804,186.6027530337554,jazz
148.7586125810226,88.66804810171361,291.1141030588774,rock
53.53100404168106,65.62270152648352,208.3672976716613,classical
103.24863362315591,82.13153257617073,164.91386081775823,classical
109.47637831013598,83.2803390375919,305.45370187875426,rock
83.18093783701215,67.8422097213633,214.34014435125403,jazz
120.18346073825423,95.45447519401979,321.7495703737532,rock
103.04269673919474,81.46346571399992,459.50345828513656,pop
105.88785145043774,87.31707894393585,455.64156709955085,pop
92.5261428338885,62.40883463172164,274.5257493968242,jazz
69.48880917105441,59.89362941272445,188.89133767658424,classical
92.58658727880064,70.97386528105204,205.95263691168674,jazz
95.28446618055241,59.24945877009645,224.42105216076402,jazz
89.8171063335442,84.43506620512818,162.84502282497553,classical
120.5300790850753,87.169242304982,310.3313877596005,rock
109.4393212173643,86.90677919451404,457.7127088621558,pop
105.55867377218914,77.7637881338806,486.7779102080527,pop
112.96959272203969,76.10369127620137,342.5743200120515,rock
84.05927544593615,58.8032673996966,221.12379259703437,jazz
100.52824324523209,76.27231238499009,475.9660468934944,pop
86.96229967257369,63.00116040189568,216.73669726908332,jazz
87.73997807164574,63.72008486533777,243.64062956783965,jazz
84.99603162845132,56.18402340924709,124.15685733603691,classical
120.8614789018737,68.48610286877208,186.64831960189062,classical
172.52798602369162,92.07092699534397,356.6535966601272,rock
129.15182387775917,94.89047370487242,408.34152318896963,rock
144.0697212048273,90.04245950782469,303.45843225530103,rock
100.14057287306714,58.53948558448042,191.51968994667925,jazz
114.6302573156137,76.87423945346491,184.6447888787408,classical
113.83706896017125,75.50099700040467,199.5443214816656,classical
98.0064694975566,86.38029833500777,463.46698972740836,pop
114.75406730387512,77.98393610387687,465.6095320234568,pop
140.33544491635965,86.57336331358643,406.25921061203053,rock
154.4735080482404,86.61654109800098,385.6267598895655,rock
124.40639737634343,78.94775934464779,385.82785928422163,pop
113.23405827981428,77.69223443935822,163.8251180377807,classical
129.34910457406895,76.79408901853537,225.60101291517515,classical
92.29065372457003,70.9321845433399,287.1518163310744,jazz
110.57020744507119,78.8902391820141,406.9305502388942,pop
88.26326963457979,65.5291477996766,230.74491891229277,jazz
123.98399826622189,77.6263944865662,205.87073185549372,classical
78.61682762597982,65.30027446254944,237.9041379179091,jazz
113.9779838765183,88.47492258821892,380.1083098390626,rock
116.45764908123506,85.49428573626652,468.756461887027,pop
139.83215413581107,91.8778182532499,318.768257851157,rock
103.98399623920902,67.82832063154163,199.2077617014415,classical
85.44326665775348,67.50860279082337,191.15959520625975,jazz
90.71136872349062,65.03663555415918,239.5643650402613,jazz
105.20959307731552,81.19724736926776,488.01310988146236,pop
132.21904563200238,90.82080325281413,400.5442449842607,rock
98.00412519605914,87.46298643741495,448.0370291488276,pop
105.37608343269113,82.7254063585917,359.4592253758119,rock
112.41827952230797,74.33416481200925,409.36504397434385,pop
104.71196470661437,82.62998256024497,414.7900286373271,pop
83.16018609432766,59.41482588584496,176.96456155748092,jazz
89.48467873037228,64.65640404155684,207.66505131911126,jazz
112.23689247552079,80.94048673509926,484.83008997706537,pop
113.65315057902716,88.96570994886392,447.6223354386434,pop
101.80154197472754,81.19648921707271,457.51404682895355,pop
68.85552540747449,69.53712344534748,231.5929432575111,jazz
98.81273378856645,63.79960041176646,229.68731453316852,jazz
95.22894335597545,69.03610920166557,228.53144986899193,classical
102.23065917443168,75.16166589464093,353.2242223080102,pop
127.61460393948077,96.96527192641399,280.17020551889607,rock
132.22006561950718,84.06539213327736,437.6148618216897,rock
137.60492047399165,92.189638966062,390.2974033965534,rock
85.77445110892681,62.477404216374616,169.65033931219918,jazz
89.76380492655971,74.9680218177729,243.89383571379886,jazz
105.70467464979171,74.61133340745553,176.93541724116722,classical
94.0669527155584,59.02969836872751,201.5973029597406,jazz
82.63990409293613,64.30344542084222,288.896789771025,jazz
83.88188419671106,62.63337697474606,260.4752092514628,jazz
73.83940851059012,71.47452775952209,234.7388952691052,classical
116.54537776046396,88.85641549596713,368.01924728509607,rock
145.92873409195806,87.78272186169468,342.0631307108306,rock
158.97723858070032,91.64943104691251,416.65671209038226,rock
119.15270125181281,78.72755173181291,446.6973438042828,pop
114.65052799851264,70.0314186578347,410.82818401854087,pop
68.33200836348723,67.77814276571334,246.4560050023476,jazz
124.82703024889473,73.20456220424582,441.0078323224858,pop
112.43712848387264,66.50473956958197,419.232914801494,pop
75.62142219473571,58.949634585932934,203.77780622139025,jazz
105.66934046227679,88.5114433699406,310.0550928812853,rock
146.43552020105292,91.57838969097708,243.0669712982821,rock
79.0328803945886,66.25294447804164,216.11649905225292,jazz
112.88118377575168,98.23578791167631,370.91748480248316,rock
122.58187475884945,93.39379247348106,429.8312514120016,rock
123.48558584517498,93.01369359825472,289.1197788991382,rock
90.29273362905894,62.762322190728646,307.81659799121803,jazz
76.3356105576245,63.71429655764769,157.24649397695768,classical
135.7647083453394,68.24065489976081,176.13365176682433,classical
